rank,uri,artist_names,track_name,source,peak_rank,previous_rank,days_on_chart,streams
1,"spotify:track:1BxfuPKGuaTgP7aM0Bbdwr","Taylor Swift","Cruel Summer","Taylor Swift",1,1,377,"425586"
2,"spotify:track:0mflMxspEfB0VbI1kyLiAv","Noah Kahan","Stick Season","Mercury Records/Republic Records",1,2,134,"311985"
3,"spotify:track:6tNQ70jh4OwmPGpYy6R2o9","Benson Boone","Beautiful Things","Night Street Records, Inc./Warner Records Inc.",2,3,29,"310512"
4,"spotify:track:7AYmToZ5y67fBjq4RLFbuq","Beyoncé","TEXAS HOLD 'EM","Parkwood Entertainment/Columbia",4,5,5,"281444"
5,"spotify:track:4xhsWYTOGcal8zt0J161CU","Jack Harlow","Lovin On Me","Generation Now/Atlantic",1,4,99,"278583"
6,"spotify:track:3rUGC1vUpkDG9CZFHMur1t","Tate McRae","greedy","RCA Records Label",1,6,155,"220418"
7,"spotify:track:1dGr1c8CrMLDpV6mPbImSI","Taylor Swift","Lover","Taylor Swift",2,12,378,"215959"
8,"spotify:track:0V3wPSX9ygBnCm8psDIegu","Taylor Swift","Anti-Hero","Taylor Swift",1,11,484,"206361"
9,"spotify:track:17phhZDn6oGtzMe56NuWvj","Teddy Swims","Lose Control","Warner Records",6,8,105,"195352"
10,"spotify:track:3w0w2T288dec0mgeZZqoNN","¥$, Kanye West, Ty Dolla $ign","CARNIVAL","Ye",5,7,6,"189308"
11,"spotify:track:4KULAymBBJcPRpk1yO4dOG","Zach Bryan, Kacey Musgraves","I Remember Everything (feat. Kacey Musgraves)","Warner Records",4,10,176,"188872"
12,"spotify:track:59NraMJsLaMCVtwXTSia8i","cassö, RAYE, D-Block Europe","Prada","Ministry of Sound Recordings",4,9,188,"186561"
13,"spotify:track:787Y2idwCU2Rk60Prv4wpr","Dom Dolla","Saving Up","Three Six Zero Recordings",10,14,80,"160187"
14,"spotify:track:1R0a2iXumgCiFb7HEZ7gUE","Taylor Swift","Don’t Blame Me","Big Machine Records, LLC",12,25,554,"157784"
15,"spotify:track:3WMj8moIAXJhHsyLaqIIHI","Zach Bryan","Something in the Orange","Warner Records",5,15,616,"150603"
16,"spotify:track:7KokYm8cMIXCsGVmUvKtqf","Taylor Swift","Karma","Taylor Swift",7,40,354,"144210"
17,"spotify:track:52eIcoLUM25zbQupAZYoFh","21 Savage","redrum","Slaughter Gang, LLC/Epic Records",13,16,36,"142703"
18,"spotify:track:3h5TiWTqGxjSjFrbruPFH9","YG Marley","Praise Jah In The Moonlight","YG Marley Music",18,19,35,"140949"
19,"spotify:track:4R2kfaDFhslZEMJqAFNpdd","Taylor Swift","cardigan","Taylor Swift",1,36,415,"140092"
20,"spotify:track:4tKGFmENO69tZR9ahgZu48","Sophie Ellis-Bextor","Murder On The Dancefloor","Polydor Records",4,18,51,"139508"
21,"spotify:track:6YvqWjhGD8mB5QXcbcUKtx","Taylor Swift","Love Story (Taylor’s Version)","Taylor Swift",7,46,101,"138835"
22,"spotify:track:3U5JVgI2x4rDyHGObzJfNf","Natasha Bedingfield","Unwritten","Sony Music CG",13,20,48,"138717"
23,"spotify:track:1Iq8oo9XkmmvCQiGOfORiz","Taylor Swift","Is It Over Now? (Taylor's Version) (From The Vault)","Taylor Swift",1,41,113,"136315"
24,"spotify:track:3RauEVgRgj1IuWdJ9fDs70","Taylor Swift","The Man","Taylor Swift",15,38,114,"136132"
25,"spotify:track:2yLa0QULdQr0qAIvVwN6B5","Taylor Swift","...Ready For It?","Big Machine Records, LLC",2,45,165,"135739"
26,"spotify:track:04CyMEHliadfQWMUJb1w99","¥$, Kanye West, Ty Dolla $ign","BURN","Ye",9,13,6,"135633"
27,"spotify:track:5mjYQaktjmjcMKcUIcqz4s","Kenya Grace","Strangers","Warner Records/Major Recordings",2,17,169,"135411"
28,"spotify:track:4OMJGnvZfDvsePyCwRGO7X","Dua Lipa","Houdini","Warner Records",7,21,99,"134783"
29,"spotify:track:7K3BhSpAxZBznislvUMVtn","Morgan Wallen","Last Night","Big Loud Records / Mercury Records / Republic Records",1,22,382,"133423"
30,"spotify:track:56y1jOTK0XSvJzVv9vHQBK","Doja Cat","Paint The Town Red","Kemosabe Records/RCA Records",1,23,197,"133015"
31,"spotify:track:6RRNNciQGZEXnqk8SQ9yv5","Taylor Swift","You Need To Calm Down","Taylor Swift",4,47,312,"132813"
32,"spotify:track:1yeB8MUNeLo9Ek1UEpsyz6","Drake, Sexyy Red, SZA","Rich Baby Daddy (feat. Sexyy Red & SZA)","OVO/Republic",8,24,134,"130825"
33,"spotify:track:3Uo7WG0vmLQ07WB4BDwy7D","Taylor Swift","willow","Taylor Swift",1,48,249,"129321"
34,"spotify:track:1qrpoAMXodY6895hGKoUpA","Taylor Swift","You Belong With Me (Taylor’s Version)","Taylor Swift",31,53,48,"128102"
35,"spotify:track:6Qb7YsAqH4wWFUMbGsCpap","Dua Lipa","Training Season","Warner Records",35,-1,1,"127211"
36,"spotify:track:4iZ4pt7kvcaH6Yo8UoZ4s2","SZA","Snooze","Top Dawg Entertainment/RCA Records",20,31,423,"125570"
37,"spotify:track:2Zo1PcszsT9WQ0ANntJbID","Sabrina Carpenter","Feather","Island Records",17,26,79,"124843"
38,"spotify:track:7DSAEUvxU8FajXtRloy8M0","Miley Cyrus","Flowers","Columbia",1,27,400,"123702"
39,"spotify:track:3Pbp7cUCx4d3OAkZSCoNvn","Michael Marcagi","Scared To Start","Warner Records",26,28,35,"122693"
40,"spotify:track:6dpLxbF7lfCAnC9QRTjNLK","Good Neighbours","Home","Some Action",40,51,20,"120143"
41,"spotify:track:1P17dC1amhFzptugyAO7Il","Taylor Swift","Look What You Made Me Do","Big Machine Records, LLC",1,59,202,"119793"
42,"spotify:track:6NFyWDv5CjfwuzoCkw47Xf","Taylor Swift","Delicate","Big Machine Records, LLC",21,56,160,"118880"
43,"spotify:track:5aIVCx5tnk0ntmdiinnYvw","Tyla","Water","FAX Records/Epic",4,35,156,"118299"
44,"spotify:track:214nt20w5wOxJnY462klLw","Taylor Swift","Miss Americana & The Heartbreak Prince","Taylor Swift",30,54,35,"116752"
45,"spotify:track:1kuGVB7EU95pJObxwvfwKS","Olivia Rodrigo","vampire","Olivia Rodrigo PS",1,33,232,"115964"
46,"spotify:track:7gaA3wERFkFkgivjwbSvkG","Ariana Grande","yes, and?","Republic Records",3,30,36,"115236"
47,"spotify:track:1swz9stsbG1p34SJHJqiww","Royel Otis","Murder on the Dance Floor - triple j Like A Version","triple j",21,43,19,"112839"
48,"spotify:track:7GUhiAHLoVy1V8ucQuZ3CB","The Weeknd, Playboi Carti, Madonna","Popular (with Playboi Carti & Madonna)","Universal Republic Records",5,29,260,"112138"
49,"spotify:track:4E63weMCaNZuGPEFMnuEi8","Tate McRae","exes","RCA Records Label",16,37,92,"111980"
50,"spotify:track:6uTPdRrEDeH8Fyg5L5qmeU","Flo Milli","Never Lose Me","'94 Sounds/RCA Records",23,34,35,"110407"
51,"spotify:track:1Lo0QY9cvc8sUB2vnIOxDT","Luke Combs","Fast Car","River House Artists/Columbia Nashville",3,44,330,"109944"
52,"spotify:track:1VNWdmXSbaNrnWod10WIL0","The Weeknd, JENNIE, Lily-Rose Depp","One Of The Girls (with JENNIE, Lily Rose Depp)","Universal Republic Records",23,52,96,"107219"
53,"spotify:track:7yq4Qj7cqayVTp3FF9CWbm","Vance Joy","Riptide","Liberation Records",9,42,2578,"105116"
54,"spotify:track:1hjRhYpWyqDpPahmSlUTlc","Taylor Swift","Style (Taylor's Version)","Taylor Swift",1,77,38,"104702"
55,"spotify:track:1icgLGTpX2fQXKRe4D7w2b","¥$, Kanye West, Ty Dolla $ign","BACK TO ME","Ye",8,32,6,"104505"
56,"spotify:track:1K39ty6o1sHwwlZwO6a7wK","Taylor Swift","Wildest Dreams (Taylor's Version)","Taylor Swift",11,68,125,"104457"
57,"spotify:track:3hUxzQpSfdDqwM3ZTFQY0K","Taylor Swift","august","Taylor Swift",12,64,207,"102739"
58,"spotify:track:3sW3oSbzsfecv9XoUdGs7h","Taylor Swift","Enchanted (Taylor's Version)","Taylor Swift",6,78,41,"101238"
59,"spotify:track:5enxwA8aAbwZbf5qCHORXi","Taylor Swift","All Too Well (10 Minute Version) (Taylor's Version) (From The Vault)","Taylor Swift",1,76,172,"97793"
60,"spotify:track:77sMIMlNaSURUAXq5coCxE","Taylor Swift","Fearless (Taylor’s Version)","Taylor Swift",36,83,15,"95694"
61,"spotify:track:1odExI7RdWc4BT515LTAwj","David Kushner","Daylight","Miserable Music Group, LLC",2,49,309,"95456"
62,"spotify:track:5tEaVciE2GnR28aN6W9cLS","¥$, Kanye West, Ty Dolla $ign","FUK SUMN","Ye",10,39,6,"94160"
63,"spotify:track:6AtZLIzUINvExIUy4QhdjP","Taylor Swift","I Knew You Were Trouble (Taylor's Version)","Taylor Swift",18,104,23,"93927"
64,"spotify:track:7iUScoHKNJC5hqtA40vMlj","Fred again.., Baby Keem","leavemealone","Atlantic Records UK",18,57,71,"93444"
65,"spotify:track:1Qrg8KqiBpW07V7PNxwwwL","SZA","Kill Bill","Top Dawg Entertainment/RCA Records",1,55,435,"93253"
66,"spotify:track:5jQI2r1RdgtuT8S3iG8zFC","Taylor Swift","Lavender Haze","Taylor Swift",1,89,311,"93241"
67,"spotify:track:3vkCueOmm7xQDoJ17W1Pm3","Mitski","My Love Mine All Mine","Dead Oceans",11,50,150,"92945"
68,"spotify:track:3pHkh7d0lzM2AldUtz2x37","Taylor Swift","The Archer","Taylor Swift",7,86,60,"92109"
69,"spotify:track:0cVyQfDyRnMJ0V3rjjdlU3","Paul Russell","Lil Boo Thang","Arista Records",14,74,136,"91080"
70,"spotify:track:45wMBGri1PORPjM9PwFfrS","Taylor Swift","Blank Space (Taylor's Version)","Taylor Swift",6,111,28,"91033"
71,"spotify:track:4fYte8ZvTK14NEhAOZocBi","OneRepublic","I Ain't Worried","Interscope Records",1,61,622,"89800"
72,"spotify:track:1vYXt7VSjH9JIM5oRRo7vA","Dua Lipa","Dance The Night - From Barbie The Album","Atlantic Records",3,67,267,"88705"
73,"spotify:track:2Dct3GykKZ58hpWRFfe2Qd","Zach Bryan","Heading South","Warner Records",33,60,296,"88385"
74,"spotify:track:0sY6ZUTh4yoctD8VIXz339","Taylor Swift","champagne problems","Taylor Swift",12,90,48,"88210"
75,"spotify:track:3hRV0jL3vUpRrcy398teAU","Lord Huron","The Night We Met","Play It Again Sam",29,58,600,"86788"
76,"spotify:track:003vvx7Niy0yvhvHt4a68B","The Killers","Mr. Brightside","Island Records",10,63,2602,"86538"
77,"spotify:track:5YqltLsjdqFtvqE7Nrysvs","Taylor Swift","We Are Never Ever Getting Back Together (Taylor's Version)","Taylor Swift",26,121,18,"85259"
78,"spotify:track:3qoftcUZaUOncvIYjFSPdE","Taylor Swift","Bejeweled","Taylor Swift",9,99,76,"84694"
79,"spotify:track:0h3Xy4V4apMraB5NuM8U7Z","CYRIL","Stumblin' In","Spinnin' Records",79,91,16,"84433"
80,"spotify:track:31MNHKE86sEXzIglbGQ6mu","Troye Sivan","Got Me Started","EMI Recorded Music Australia Pty Ltd",16,69,147,"83058"
81,"spotify:track:6Qyc6fS4DsZjB2mRW9DsQs","The Goo Goo Dolls","Iris","Warner Records",30,70,1103,"82479"
82,"spotify:track:5w40ZYhbBMAlHYNDaVJIUu","Post Malone","Chemical","Mercury Records/Republic Records",9,66,309,"81927"
83,"spotify:track:7qEHsqek33rTcFNT9PFqLf","Lewis Capaldi","Someone You Loved","Vertigo Berlin",3,65,1838,"81926"
84,"spotify:track:0PAcdVzhPO4gq1Iym9ESnK","Morgan Wallen","Thinkin’ Bout Me","Big Loud Records / Mercury Records / Republic Records",46,73,348,"81719"
85,"spotify:track:1udwFobQ1JoOdWPQrp2b6u","JID, 21 Savage, Baby Tate","Surround Sound (feat. 21 Savage & Baby Tate)","Dreamville/Interscope",18,71,100,"81589"
86,"spotify:track:3yII7UwgLF6K5zW3xad3MP","Taylor Swift","22 (Taylor's Version)","Taylor Swift",21,131,17,"81005"
87,"spotify:track:0ofHAoxe9vBkTCp2UQIavz","Fleetwood Mac","Dreams - 2004 Remaster","Rhino/Warner Records",7,75,2060,"80042"
88,"spotify:track:3rWDp9tBPQR9z6U5YyRSK4","Taylor Swift","Midnight Rain","Taylor Swift",4,112,128,"79021"
89,"spotify:track:4EWCNWgDS8707fNSZ1oaA5","Kanye West","Heartless","Roc-A-Fella",39,80,632,"78813"
90,"spotify:track:3CWq0pAKKTWb0K4yiglDc4","Taylor Swift","You’re Losing Me (From The Vault)","Taylor Swift",2,-1,58,"78115"
91,"spotify:track:2FDTHlrBguDzQkp7PVj16Q","Dave, Central Cee","Sprinter","Neighbourhood / Live Yours",1,81,261,"77437"
92,"spotify:track:6wf7Yu7cxBSPrRlWeSeK0Q","Billie Eilish","What Was I Made For? [From The Motion Picture ""Barbie""]","Darkroom/Interscope Records",1,79,218,"77296"
93,"spotify:track:4GBkffrtA51p17JH35irGA","Taylor Swift","‘tis the damn season","Taylor Swift",22,130,14,"76125"
94,"spotify:track:7to68V64Cu6zk0UDo5tyw3","Ocean Alley","Confidence","Ocean Alley",4,88,1063,"74796"
95,"spotify:track:2LawezPeJhN4AWuSB0GtAU","Creedence Clearwater Revival","Have You Ever Seen The Rain","Craft Recordings",39,84,525,"74527"
96,"spotify:track:7vBNFh3NIZTj6tB5s1IBjE","Taylor Swift","marjorie","Taylor Swift",52,132,9,"73866"
97,"spotify:track:6dgUya35uo964z7GZXM07g","Sabrina Carpenter","Nonsense","Island Records",10,103,284,"73770"
98,"spotify:track:0Jlcvv8IykzHaSmj49uNW8","Taylor Swift","the 1","Taylor Swift",4,120,58,"73675"
99,"spotify:track:4pCbJC43j3gSqG6Fen6upD","Zach Bryan, The War And Treaty","Hey Driver (feat. The War and Treaty)","Warner Records",29,92,176,"73234"
100,"spotify:track:2NmsngXHeC1GQ9wWrzhOMf","Taylor Swift","illicit affairs","Taylor Swift",18,108,25,"72796"
101,"spotify:track:0PurA4JVJ8YQgSVopY8fn6","Taylor Swift","tolerate it","Taylor Swift",26,129,14,"72385"
102,"spotify:track:7BqBn9nzAq8spo5e7cZ0dJ","Bruno Mars","Just the Way You Are","Atlantic Records",73,97,732,"72351"
103,"spotify:track:3GCdLUSnKSMJhs4Tj6CV3s","Kendrick Lamar, SZA","All The Stars (with SZA)","Black Panther (TDE/DMG) PS",2,82,833,"71855"
104,"spotify:track:4KW1lqgSr8TKrvBII0Brf8","Kanye West","Father Stretch My Hands Pt. 1","Rock The World/IDJ/Kanye LP7",66,87,146,"71673"
105,"spotify:track:4Dvkj6JhhA12EX05fT7y2e","Harry Styles","As It Was","Columbia",1,98,688,"71082"
106,"spotify:track:68Dni7IE4VyPkTOH9mRWHr","J. Cole","No Role Modelz","Roc Nation Records LLC",20,93,1671,"70747"
107,"spotify:track:2iGvsJuc2mC4mDVOVMNAP6","¥$, Kanye West, Ty Dolla $ign","DO IT","Ye",17,72,6,"70642"
108,"spotify:track:4ZnkygoWLzcGbQYCm3lkae","Troye Sivan","Rush","EMI Recorded Music Australia Pty Ltd",11,94,217,"70479"
109,"spotify:track:2M9ro2krNb7nr7HSprkEgo","Tracy Chapman","Fast Car","Elektra Records",56,102,161,"70344"
110,"spotify:track:347AQK5Lyhn6RvB8tBGYxt","¥$, Kanye West, Ty Dolla $ign","STARS","Ye",7,62,7,"69599"
111,"spotify:track:3pv7Q5v2dpdefwdWIvE7yH","Taylor Swift","Shake It Off (Taylor's Version)","Taylor Swift",12,-1,11,"69491"
112,"spotify:track:1MgV7FIyNxIG7WzMRJV5HC","Taylor Swift","my tears ricochet","Taylor Swift",7,134,36,"68472"
113,"spotify:track:2m1hi0nfMR9vdGC8UcrnwU","blink-182","All The Small Things","Geffen",64,123,323,"68140"
114,"spotify:track:0VjIjW4GlUZAMYd2vXMi3b","The Weeknd","Blinding Lights","Republic Records",1,119,1537,"68117"
115,"spotify:track:6me7F0aaZjwDo6RJ5MrfBD","Richy Mitch & The Coal Miners","Evergreen","Richy Mitch & The Coal Miners",64,100,114,"68000"
116,"spotify:track:3E7dfMvvCLUddWissuqMwr","Miley Cyrus","Party In The U.S.A.","Hollywood Records",27,118,1921,"67546"
117,"spotify:track:4hqJ4bSlYJOXb6Z4SRmzxs","Taylor Swift","Long Live (Taylor's Version)","Taylor Swift",28,168,8,"67482"
118,"spotify:track:5rb9QrpfcKFHM1EUbSIurX","USHER, Lil Jon, Ludacris","Yeah! (feat. Lil Jon & Ludacris)","LaFace Records",60,107,361,"67160"
119,"spotify:track:2UikqkwBv7aIvlixeVXHWt","Chris Stapleton","You Should Probably Leave","Mercury Nashville",61,113,208,"66693"
120,"spotify:track:0RiRZpuVRbi7oqRdSMwhQY","Post Malone, Swae Lee","Sunflower - Spider-Man: Into the Spider-Verse","Republic Records",1,114,1943,"66641"
121,"spotify:track:1zi7xx7UVEFkmKfv06H8x0","Drake, Wizkid, Kyla","One Dance","Cash Money Records/Young Money Ent./Universal Rec.",27,109,1421,"66489"
122,"spotify:track:48UKTR66uUOT9LaUvooTNx","Luke Combs","The Kind of Love We Make","River House Artists/Columbia Nashville",13,128,610,"66124"
123,"spotify:track:3USxtqRwSYz57Ewm6wWRMp","Glass Animals","Heat Waves","Polydor Records",1,105,1297,"66005"
124,"spotify:track:3AJwUDP919kvQ9QcozQPxg","Coldplay","Yellow","Parlophone UK",23,110,1092,"65981"
125,"spotify:track:59QDyqLww2pxyg9ijOPO7f","MK, Dom Dolla","Rhyme Dust","Columbia",13,138,260,"65274"
126,"spotify:track:7yNf9YjeO5JXUE3JEBgnYc","Dominic Fike","Babydoll","Columbia",43,95,159,"65144"
127,"spotify:track:1xwAWUI6Dj0WGC3KiUPN0O","Taylor Swift","Vigilante Shit","Taylor Swift",7,170,47,"65118"
128,"spotify:track:6JIC3hbC28JZKZ8AlAqX8h","Elton John, Dua Lipa, PNAU","Cold Heart - PNAU Remix","EMI",1,139,917,"65093"
129,"spotify:track:4BP3uh0hFLFRb5cjsgLqDh","Creedence Clearwater Revival","Fortunate Son","Craft Recordings",59,117,390,"65058"
130,"spotify:track:5W4kiM2cUYBJXKRudNyxjW","Morgan Wallen","You Proof","Big Loud Records / Mercury Records / Republic Records",13,116,503,"64869"
131,"spotify:track:3xKsf9qdS1CyvXSMEid6g8","Frank Ocean","Pink + White","Boys Don't Cry",38,101,469,"64824"
132,"spotify:track:7MXVkk9YMctZqd1Srtv4MB","The Weeknd, Daft Punk","Starboy","Universal Republic Records",1,115,1438,"64619"
133,"spotify:track:4dtIxANFBU6CfhI9c2hf2g","Dylan Gossett","Coal","Dylan Gossett",81,126,68,"64215"
134,"spotify:track:2Eeur20xVqfUoM3Q7EFPFt","Taylor Swift","the last great american dynasty","Taylor Swift",6,169,36,"63702"
135,"spotify:track:1zv3WFUbZ5vPxFq9I2jAU1","Rihanna, Calvin Harris","We Found Love","Def Jam Recordings",17,127,371,"63340"
136,"spotify:track:42VsgItocQwOQC3XWZ8JNA","Travis Scott, Playboi Carti","FE!N (feat. Playboi Carti)","Cactus Jack/Epic",7,125,52,"62959"
137,"spotify:track:5PyDJG7SQRgWXefgexqIge","Doja Cat","Agora Hills","Kemosabe Records/RCA Records",11,124,148,"62733"
138,"spotify:track:0yfJlRyn9VEZfonQUIPdkr","FISHER, Kita Alexander","Atmosphere","etcetc AU",57,153,165,"62710"
139,"spotify:track:5kI4eCXXzyuIUXjQra0Cxi","Taylor Swift","betty","Taylor Swift",20,178,23,"62648"
140,"spotify:track:3DK6m7It6Pw857FcQftMds","Kanye West, Pusha T","Runaway","Roc-A-Fella",81,122,96,"62639"
141,"spotify:track:7FmYn9e7KHMXcxqGSj9LjH","Taylor Swift","Mastermind","Taylor Swift",12,186,46,"62467"
142,"spotify:track:2rxQMGVafnNaRaXlRMWPde","Luke Combs","Beautiful Crazy","River House Artists/Columbia Nashville",31,152,522,"62054"
143,"spotify:track:1u8c2t2Cy7UBoG4ArRcF5g","Taylor Swift","Blank Space","Big Machine Records, LLC",7,185,779,"61924"
144,"spotify:track:0cqRj7pUJDkTCEsJkx8snD","Taylor Swift","Shake It Off","Big Machine Records, LLC",20,-1,859,"61781"
145,"spotify:track:2y4ZR0BUAVePljHSsZyIgj","¥$, Kanye West, Ty Dolla $ign","PAID","Ye",15,85,6,"61059"
146,"spotify:track:1s7oOCT8vauUh01PbJD6ps","Rema, Selena Gomez","Calm Down (with Selena Gomez)","Mavin Records / Jonzing World",18,135,523,"61006"
147,"spotify:track:4uUG5RXrOk84mYEfFvj3cK","David Guetta, Bebe Rexha","I'm Good (Blue)","Parlophone UK",1,150,538,"60814"
148,"spotify:track:254bXAqt3zP6P50BdQvEsq","Fleetwood Mac","Everywhere - 2017 Remaster","Rhino/Warner Records",66,167,618,"60610"
149,"spotify:track:4PMqSO5qyjpvzhlLI5GnID","SZA","Good Days","Top Dawg Entertainment/RCA Records",4,106,464,"60547"
150,"spotify:track:1eaqMiiUn2P7MnqJK4XeK0","¥$, Kanye West, Ty Dolla $ign","TALKING","Ye",14,96,8,"60211"
151,"spotify:track:42TtHTxWk782ZBiqyOi2d1","Zach Bryan, Maggie Rogers","Dawns (feat. Maggie Rogers)","Warner Records",43,137,191,"59827"
152,"spotify:track:3fqwjXwUGN6vbzIwvyFMhx","Chris Stapleton","Tennessee Whiskey","Mercury Nashville",79,165,257,"59376"
153,"spotify:track:7lQ8MOhq6IN2w8EYcFNSUk","Eminem","Without Me","Aftermath",39,154,946,"59339"
154,"spotify:track:1gv4xPanImH17bKZ9rOveR","P!nk","Raise Your Glass","LaFace Records",92,-1,10,"58941"
155,"spotify:track:23RoR84KodL5HWvUTneQ1w","Peggy Gou","(It Goes Like) Nanana - Edit","XL Recordings",15,177,236,"58931"
156,"spotify:track:2tpWsVSb9UEmDRxAl1zhX1","OneRepublic","Counting Stars","Mosley / Interscope",65,133,1254,"58879"
157,"spotify:track:22VHOlVYBqytsrAqV8yXBK","Noah Kahan, Post Malone","Dial Drunk (with Post Malone)","Mercury Records/Republic Records",44,148,70,"58467"
158,"spotify:track:1mMLMZYXkMueg65jRRWG1l","Luke Combs","When It Rains It Pours","River House Artists/Columbia Nashville",23,162,538,"58022"
159,"spotify:track:6I3mqTwhRpn34SLVafSH7G","Justin Bieber","Ghost","RBMG/Def Jam",8,140,865,"57949"
160,"spotify:track:3azJifCSqg9fRij2yKIbWz","Tory Lanez","The Color Violet","One Umbrella Records",27,145,539,"57525"
161,"spotify:track:4rXLjWdF2ZZpXCVTfWcshS","Gunna","fukumean","300 Entertainment",5,136,236,"57422"
162,"spotify:track:5TRPicyLGbAF2LGBFbHGvO","Kanye West, Dwele","Flashing Lights","Roc-A-Fella",87,141,320,"57404"
163,"spotify:track:6GG73Jik4jUlQCkKg9JuGO","Jimmy Eat World","The Middle","Interscope",142,155,62,"57252"
164,"spotify:track:69phA1R4gmQsBFRQ3INW8C","Rich Amiri","ONE CALL","Internet Money Records / 10K Projects",142,151,11,"56455"
165,"spotify:track:1JSTJqkT5qHq8MDJnJbRE1","The Police","Every Breath You Take","Polydor Records",66,163,171,"55976"
166,"spotify:track:4kjI1gwQZRKNDkw1nI475M","Travis Scott","MY EYES","Cactus Jack/Epic",11,161,74,"55957"
167,"spotify:track:2kE2HFBFkJ0VMw3igxYohz","Jessie Murph, Jelly Roll","Wild Ones (feat. Jelly Roll)","Columbia",92,173,96,"55870"
168,"spotify:track:20OFwXhEXf12DzwXmaV7fj","Creedence Clearwater Revival","Bad Moon Rising","Craft Recordings",85,183,120,"55863"
169,"spotify:track:0nrRP2bk19rLc0orkWPQk2","Avicii","Wake Me Up","Universal Music AB",12,160,1356,"55236"
170,"spotify:track:1mea3bSkSGXuIRvnydlB5b","Coldplay","Viva La Vida","Parlophone UK",24,171,541,"54816"
171,"spotify:track:0WIv5qV41y6YjjB9V1biuC","Muni Long","Made For Me","Supergiant Records, LLC / Def Jam Recordings",171,-1,1,"54802"
172,"spotify:track:1v7L65Lzy0j0vdpRjJewt1","Eminem","Lose Yourself","Aftermath",34,180,1806,"54744"
173,"spotify:track:0VE4kBnHJUgtMf0dy6DRmW","Taylor Swift","Getaway Car","Big Machine Records, LLC",62,-1,35,"54671"
174,"spotify:track:3GZD6HmiNUhxXYf8Gch723","Frank Ocean","Lost","Red Zone Entertainment / IDJ",15,147,830,"54605"
175,"spotify:track:5ZduaRci3iNUiDfJbBfAaf","Matt Sassari","Give It To Me - Full Vocal Mix","Cr2 Records",88,190,245,"54448"
176,"spotify:track:0ntQJM78wzOLVeCUAW7Y45","Kings of Leon","Sex on Fire","RCA/Legacy",55,164,1046,"54351"
177,"spotify:track:64FzgoLZ3oXu2SriZblHic","Taylor Swift","Bad Blood (Taylor's Version)","Taylor Swift",15,-1,10,"54117"
178,"spotify:track:5WI2ltQIdwgzf1SNE76JyR","Flume, kai","Never Be Like You","Future Classic",27,166,646,"53995"
179,"spotify:track:567e29TDzLwZwfDuEpGTwo","The Kid LAROI, Justin Bieber","STAY (with Justin Bieber)","Columbia",1,188,952,"53765"
180,"spotify:track:4iz9lGMjU1lXS51oPmUmTe","Kanye West, Chris Martin","Homecoming","Roc-A-Fella",126,159,95,"53664"
181,"spotify:track:5NORWMFC27ywGSZxi8uquP","The Lumineers","Ophelia","Decca (UMO)",72,143,158,"53358"
182,"spotify:track:60a0Rd6pjrkxjPbaKzXjfq","Linkin Park","In the End","Warner Records",19,182,105,"53325"
183,"spotify:track:6koKhrBBcExADvWuOgceNZ","SZA, Travis Scott","Open Arms (feat. Travis Scott)","Top Dawg Entertainment/RCA Records",65,157,21,"53261"
184,"spotify:track:3XqM8hLCEYlbnFjoWwqtFv","Chris Brown","Angel Numbers / Ten Toes","Chris Brown Entertainment/RCA Records",107,181,57,"53192"
185,"spotify:track:3QHPHLAkYV5cQBUYs6rowx","Kanye West, Jamie Foxx","Gold Digger","Roc-A-Fella",40,184,676,"52897"
186,"spotify:track:6wsqVwoiVH2kde4k4KKAFU","Travis Scott","I KNOW ?","Cactus Jack/Epic",16,172,180,"52384"
187,"spotify:track:20I6sIOMTCkB6w7ryavxtO","Carly Rae Jepsen","Call Me Maybe","Silent Records IGA",113,-1,289,"52162"
188,"spotify:track:7sTyAjxDXq9afwfSQy6D0s","Don Toliver","Bandit","Cactus Jack / Atlantic",68,-1,7,"52031"
189,"spotify:track:55n9yjI6qqXh5F2mYvUc2y","ZAYN, Taylor Swift","I Don’t Wanna Live Forever (Fifty Shades Darker)","Big Machine Records, LLC",2,-1,460,"51934"
190,"spotify:track:69AIpwGNLxr4qS1X5ynx60","Jordan Davis, Luke Bryan","Buy Dirt","MCA Nashville",92,199,287,"51919"
191,"spotify:track:0GONea6G2XdnHWjNZd6zt3","Bryan Adams","Summer Of '69","A&M",47,179,1676,"51772"
192,"spotify:track:47Xj8eIAp7hYOOqArmkqZE","Morgan Wallen","Spin You Around (1/24)","Big Loud Records / Mercury Records",106,-1,18,"51742"
193,"spotify:track:0JXXNGljqupsJaZsgSbMZV","Miguel","Sure Thing","Jive",11,187,493,"51648"
194,"spotify:track:5uu2OCGGrTRS1sIvlMgKwe","Chance Peña","i am not who i was","Chance Peña",111,197,26,"51516"
195,"spotify:track:3yfqSUWxFvZELEM4PmlwIR","Eminem","The Real Slim Shady","Interscope",52,-1,999,"51419"
196,"spotify:track:7jtQIBanIiJOMS6RyCx6jZ","Tom Odell","Another Love","ITNO/Columbia",18,176,790,"51392"
197,"spotify:track:5Y35SjAfXjjG0sFQ3KOxmm","SZA","Nobody Gets Me","Top Dawg Entertainment/RCA Records",12,158,116,"50991"
198,"spotify:track:2dHHgzDwk4BJdRwy9uXhTO","Metro Boomin, The Weeknd, 21 Savage","Creepin' (with The Weeknd & 21 Savage)","Republic Records",2,200,440,"50922"
199,"spotify:track:3SIRBp4RRQ2AO5H4NO7xfq","¥$, Kanye West, Ty Dolla $ign","VULTURES","Ye",29,146,6,"50902"
200,"spotify:track:5XeFesFbtLpXzIVDNQP22n","Arctic Monkeys","I Wanna Be Yours","Domino Recording Co",63,191,532,"50892"
